-- phpMyAdmin SQL Dump
-- version 3.5.8
-- http://www.phpmyadmin.net
--
-- Host: localhost
-- Generation Time: Jul 08, 2013 at 02:37 PM
-- Server version: 5.1.70-cll
-- PHP Version: 5.3.17

SET SQL_MODE="NO_AUTO_VALUE_ON_ZERO";
SET time_zone = "+00:00";


/*!40101 SET @OLD_CHARACTER_SET_CLIENT=@@CHARACTER_SET_CLIENT */;
/*!40101 SET @OLD_CHARACTER_SET_RESULTS=@@CHARACTER_SET_RESULTS */;
/*!40101 SET @OLD_COLLATION_CONNECTION=@@COLLATION_CONNECTION */;
/*!40101 SET NAMES utf8 */;

--
-- Database: `varunver_AQ`
--

--
-- Dumping data for table `answers`
--

INSERT INTO `answers` (`QuestionId`, `OptionId`, `CreatedAt`) VALUES
(4, 2, '2013-06-24 19:46:17'),
(4, 4, '2013-06-24 19:46:17'),
(5, 1, '2013-06-24 19:56:53'),
(6, 3, '2013-06-29 19:49:33'),
(7, 2, '2013-06-29 19:54:38'),
(8, 1, '2013-06-29 19:58:30'),
(9, 3, '2013-06-29 20:05:59'),
(13, 1, '2013-07-02 19:06:13'),
(12, 1, '2013-06-30 19:11:02'),
(13, 2, '2013-07-02 19:06:13'),
(14, 2, '2013-07-02 19:07:55'),
(15, 2, '2013-07-02 19:11:41'),
(16, 2, '2013-07-02 19:15:59'),
(17, 4, '2013-07-02 19:18:09'),
(18, 3, '2013-07-02 19:21:35'),
(19, 2, '2013-07-02 19:22:56'),
(20, 2, '2013-07-02 19:24:05'),
(20, 3, '2013-07-02 19:24:05'),
(20, 4, '2013-07-02 19:24:05'),
(21, 1, '2013-07-02 19:30:09'),
(21, 4, '2013-07-02 19:30:09'),
(22, 1, '2013-07-02 19:32:21'),
(23, 3, '2013-07-02 19:34:13'),
(24, 2, '2013-07-02 19:35:22'),
(25, 2, '2013-07-05 09:00:42'),
(25, 4, '2013-07-05 09:00:42'),
(25, 5, '2013-07-05 09:00:42'),
(26, 4, '2013-07-05 09:07:18'),
(27, 1, '2013-07-05 09:13:25'),
(28, 3, '2013-07-05 09:15:05'),
(29, 1, '2013-07-05 09:17:05'),
(30, 2, '2013-07-05 09:21:11'),
(31, 2, '2013-07-05 09:23:07'),
(32, 2, '2013-07-05 09:25:28'),
(32, 4, '2013-07-05 09:25:28'),
(33, 3, '2013-07-05 09:29:23'),
(34, 2, '2013-07-05 09:30:58'),
(35, 3, '2013-07-05 09:34:49'),
(36, 3, '2013-07-05 10:04:39'),
(37, 3, '2013-07-05 10:06:28'),
(37, 4, '2013-07-05 10:06:28'),
(38, 1, '2013-07-05 10:08:00'),
(38, 3, '2013-07-05 10:08:00'),
(39, 4, '2013-07-05 11:04:15');

--
-- Dumping data for table `meta_data`
--

INSERT INTO `meta_data` (`QuestionId`, `MetaKey`, `MetaValue`, `CreatedAt`) VALUES
(4, 'tag', 'ABAP', '2013-06-24 19:46:36'),
(5, 'tag', 'ABAP', '2013-06-24 05:00:00'),
(6, 'tag', 'ABAP', '2013-06-29 19:50:34'),
(7, 'tag', 'DB', '2013-06-29 19:55:31'),
(8, 'tag', 'DDIC', '2013-06-29 19:58:55'),
(9, 'tag', 'ABAP', '2013-06-29 20:06:32'),
(12, 'tag', 'DDIC', '2013-06-30 19:11:02'),
(13, 'tag', 'DDIC', '2013-07-02 19:06:13'),
(14, 'tag', 'ABAP', '2013-07-02 19:07:55'),
(15, 'tag', 'ABAP', '2013-07-02 19:11:41'),
(16, 'tag', 'ABAP', '2013-07-02 19:15:59'),
(17, 'tag', 'DDIC', '2013-07-02 19:18:09'),
(18, 'tag', 'DDIC', '2013-07-02 19:21:35'),
(19, 'tag', 'DDIC', '2013-07-02 19:22:56'),
(20, 'tag', 'DDIC', '2013-07-02 19:24:05'),
(21, 'tag', 'DDIC', '2013-07-02 19:30:09'),
(22, 'tag', 'ABAP', '2013-07-02 19:32:21'),
(23, 'tag', 'ABAP', '2013-07-02 19:34:13'),
(24, 'tag', 'ABAP', '2013-07-02 19:35:22'),
(25, 'tag', 'Database', '2013-07-05 09:00:42'),
(25, 'tag', 'DB', '2013-07-05 09:00:42'),
(25, 'tag', 'table', '2013-07-05 09:00:42'),
(25, 'tag', 'Utility', '2013-07-05 09:00:42'),
(26, 'tag', 'READ', '2013-07-05 09:07:18'),
(26, 'tag', 'LINE', '2013-07-05 09:07:18'),
(26, 'tag', 'list', '2013-07-05 09:07:18'),
(27, 'tag', 'Data element', '2013-07-05 09:13:25'),
(27, 'tag', 'Documentation', '2013-07-05 09:13:25'),
(27, 'tag', 'F1', '2013-07-05 09:13:25'),
(28, 'tag', 'screen', '2013-07-05 09:15:05'),
(28, 'tag', 'USER-COMMAND', '2013-07-05 09:15:05'),
(29, 'tag', 'Window', '2013-07-05 09:17:05'),
(29, 'tag', 'screen', '2013-07-05 09:17:05'),
(29, 'tag', 'dialog', '2013-07-05 09:17:05'),
(30, 'tag', 'Collect', '2013-07-05 09:21:11'),
(30, 'tag', 'key', '2013-07-05 09:21:11'),
(30, 'tag', 'itab', '2013-07-05 09:21:11'),
(31, 'tag', 'buffer', '2013-07-05 09:23:07'),
(31, 'tag', 'database', '2013-07-05 09:23:07'),
(31, 'tag', 'join', '2013-07-05 09:23:07'),
(32, 'tag', 'screen', '2013-07-05 09:25:28'),
(32, 'tag', 'selection', '2013-07-05 09:25:28'),
(33, 'tag', 'ABAP', '2013-07-05 09:29:23'),
(34, 'tag', 'DDIC', '2013-07-05 09:30:58'),
(35, 'tag', 'DDIC', '2013-07-05 09:34:49'),
(36, 'tag', 'DDIC', '2013-07-05 10:04:39'),
(37, 'tag', 'DDIC', '2013-07-05 10:06:28'),
(38, 'tag', 'ABAP', '2013-07-05 10:08:00'),
(39, 'tag', 'ABAP', '2013-07-05 11:04:15'),
(4, 'sync', 'Free', '2013-07-07 20:08:02'),
(5, 'sync', 'Free', '2013-07-08 19:22:49'),
(6, 'sync', 'Free', '2013-07-08 19:22:49'),
(7, 'sync', 'Free', '2013-07-08 19:22:49'),
(8, 'sync', 'Free', '2013-07-08 19:22:49'),
(9, 'sync', 'Free', '2013-07-08 19:22:49'),
(12, 'sync', 'Free', '2013-07-08 19:22:49'),
(13, 'sync', 'Free', '2013-07-08 19:22:49'),
(14, 'sync', 'Free', '2013-07-08 19:22:49'),
(15, 'sync', 'Free', '2013-07-08 19:22:49'),
(16, 'sync', 'Free', '2013-07-08 19:22:49'),
(17, 'sync', 'Free', '2013-07-08 19:22:49'),
(18, 'sync', 'Free', '2013-07-08 19:22:49'),
(19, 'sync', 'Free', '2013-07-08 19:22:49'),
(20, 'sync', 'Free', '2013-07-08 19:22:49'),
(21, 'sync', 'Free', '2013-07-08 19:22:49'),
(22, 'sync', 'Free', '2013-07-08 19:22:49'),
(23, 'sync', 'Free', '2013-07-08 19:22:49'),
(24, 'sync', 'Free', '2013-07-08 19:22:49'),
(25, 'sync', 'Free', '2013-07-08 19:22:49'),
(26, 'sync', 'Free', '2013-07-08 19:22:49'),
(27, 'sync', 'Free', '2013-07-08 19:22:49'),
(28, 'sync', 'Free', '2013-07-08 19:22:49'),
(29, 'sync', 'Free', '2013-07-08 19:22:49'),
(30, 'sync', 'Free', '2013-07-08 19:22:49'),
(31, 'sync', 'Free', '2013-07-08 19:22:49'),
(32, 'sync', 'Free', '2013-07-08 19:22:49'),
(33, 'sync', 'Free', '2013-07-08 19:22:49'),
(34, 'sync', 'Free', '2013-07-08 19:22:49'),
(35, 'sync', 'Free', '2013-07-08 19:22:49'),
(36, 'sync', 'Free', '2013-07-08 19:22:49'),
(37, 'sync', 'Free', '2013-07-08 19:22:49'),
(38, 'sync', 'Free', '2013-07-08 19:22:49'),
(39, 'sync', 'Free', '2013-07-08 19:22:49');

--
-- Dumping data for table `options`
--

INSERT INTO `options` (`QuestionId`, `OptionId`, `OptionValue`, `CreatedAt`) VALUES
(4, 1, 'End-of-selection', '2013-06-24 19:45:15'),
(4, 2, 'End-of-initialization', '2013-06-24 19:45:15'),
(4, 3, 'Get', '2013-06-24 19:45:40'),
(4, 4, 'Set', '2013-06-24 19:45:40'),
(5, 1, 'SAP-Memory', '2013-06-24 19:56:26'),
(5, 2, 'ABAP/4 Memory', '2013-06-24 19:56:26'),
(5, 3, 'Shared Memory', '2013-06-24 19:56:43'),
(6, 1, 'MESSAGE Y123', '2013-06-29 19:48:17'),
(6, 2, 'MESSAGE E123(9999).', '2013-06-29 19:48:17'),
(6, 3, 'MESSAGE ID ''AT'' TYPE ''S'' NUMBER 100', '2013-06-29 19:48:55'),
(6, 4, 'MESSAGE E123 by Fielda Fieldb', '2013-06-29 19:48:55'),
(7, 1, 'Redundant data is not returned to the resultant set', '2013-06-29 19:52:59'),
(7, 2, 'Redundant data from the outer table is included', '2013-06-29 19:52:59'),
(7, 4, 'Run time error', '2013-06-29 19:54:05'),
(7, 4, 'Redundant data from the inner table is included', '2013-06-29 19:54:05'),
(8, 1, 'Data Element', '2013-06-29 19:56:51'),
(8, 2, 'Domain', '2013-06-29 19:56:51'),
(8, 3, 'Values', '2013-06-29 19:57:35'),
(8, 4, 'Nothing', '2013-06-29 19:57:35'),
(9, 1, 'Row count of the current line', '2013-06-29 20:04:41'),
(9, 2, 'Height of the current line', '2013-06-29 20:04:41'),
(9, 3, 'Width of the current line', '2013-06-29 20:05:45'),
(9, 4, 'No of characters in the current line', '2013-06-29 20:05:45'),
(12, 1, 'The first field is mandt with a external data type CLNT and specified as a key field', '2013-06-30 19:11:02'),
(12, 2, 'Depends how Basis has configured the client', '2013-06-30 19:11:02'),
(12, 4, 'The first field is mandt with a domain CLNT but not specified as a key field', '2013-06-30 19:11:02'),
(12, 3, 'The option ''Client Specified'' is added to the Select statement', '2013-06-30 19:13:23'),
(13, 1, 'The primary index is automatically created when the table is activated', '2013-07-02 19:06:13'),
(13, 2, 'The key fields of the table make up the primary index', '2013-07-02 19:06:13'),
(13, 3, 'The primary index ID is designated by the Database Adminstrator', '2013-07-02 19:06:13'),
(13, 4, 'The developer designates the fields to be used as the primary index', '2013-07-02 19:06:13'),
(14, 1, 'All Lists', '2013-07-02 19:07:55'),
(14, 2, 'Basic Lists', '2013-07-02 19:07:55'),
(14, 3, 'Secondary Lists', '2013-07-02 19:07:55'),
(15, 1, 'Program A becomes active in the same internal session of Program B', '2013-07-02 19:11:41'),
(15, 2, 'Program B becomes active in the same internal session of Program A', '2013-07-02 19:11:41'),
(15, 3, 'User Context is flushed', '2013-07-02 19:11:41'),
(15, 4, 'Program B runs in a new internal session', '2013-07-02 19:11:41'),
(16, 1, 'Run time error', '2013-07-02 19:15:59'),
(16, 2, 'All entries from DBTAB are retrieved', '2013-07-02 19:15:59'),
(16, 3, 'Only distinct values for key1', '2013-07-02 19:15:59'),
(16, 4, 'No entries are retrieved', '2013-07-02 19:15:59'),
(17, 1, 'Only OR can be used as a logical operator in the ON condition', '2013-07-02 19:18:09'),
(17, 2, 'A Left Outer Join is not permitted in OPEN SQL', '2013-07-02 19:18:09'),
(17, 3, 'A join statement is found to the right of the join operator', '2013-07-02 19:18:09'),
(17, 4, 'At least one field frorm the table on the right is required for comparison in the ON condition', '2013-07-02 19:18:09'),
(18, 1, 'same data type only is required for check field and referenced field', '2013-07-02 19:21:35'),
(18, 2, 'all key fields MUST have domain equality between check table and foreign key table', '2013-07-02 19:21:35'),
(18, 3, 'same domain is required for check field and referenced field', '2013-07-02 19:21:35'),
(18, 4, 'same data element is required for check field and referenced field', '2013-07-02 19:21:35'),
(19, 1, 'Sales Order', '2013-07-02 19:22:56'),
(19, 2, 'Country Keys', '2013-07-02 19:22:56'),
(19, 3, 'Cost Centres', '2013-07-02 19:22:56'),
(19, 4, 'Vendors', '2013-07-02 19:22:56'),
(20, 1, 'Label', '2013-07-02 19:24:05'),
(20, 2, 'Length', '2013-07-02 19:24:05'),
(20, 3, 'Fixed Values', '2013-07-02 19:24:05'),
(20, 4, 'Type', '2013-07-02 19:24:05'),
(21, 1, 'To insulate the developer from the database', '2013-07-02 19:30:09'),
(21, 2, 'To provide data security at the application level', '2013-07-02 19:30:09'),
(21, 3, 'To connect to the operating system', '2013-07-02 19:30:09'),
(21, 4, 'To support the creation and management of metadata', '2013-07-02 19:30:09'),
(22, 1, 'SAP Memory', '2013-07-02 19:32:21'),
(22, 2, 'Tables', '2013-07-02 19:32:21'),
(22, 3, 'ABAP/4 memory', '2013-07-02 19:32:21'),
(23, 1, 'Insert ITAB', '2013-07-02 19:34:13'),
(23, 2, 'Append', '2013-07-02 19:34:13'),
(23, 3, 'Read Table ITAB', '2013-07-02 19:34:13'),
(23, 4, 'Select * into Table ITAB from dbtab.', '2013-07-02 19:34:13'),
(23, 5, 'Collect', '2013-07-02 19:34:13'),
(24, 1, 'No Standard Heading', '2013-07-02 19:35:22'),
(24, 2, 'No Standard Page Heading', '2013-07-02 19:35:22'),
(24, 3, 'Suppress Standard', '2013-07-02 19:35:22'),
(24, 4, 'System>List>Save', '2013-07-02 19:35:22'),
(25, 1, 'Data in the table is automatically deleted and must be reloaded', '2013-07-05 09:00:42'),
(25, 2, 'The table in the database is renamed and eventually deleted', '2013-07-05 09:00:42'),
(25, 3, 'The indexes for the table needs to manually be reconstructed in the ABAP Dictionary', '2013-07-05 09:00:42'),
(25, 4, 'The revised table in the ABAP/4 Dictionary is activated', '2013-07-05 09:00:42'),
(25, 5, 'The table in the database is recreated', '2013-07-05 09:00:42'),
(26, 1, 'Nothing, the data remains in the hidden area', '2013-07-05 09:07:18'),
(26, 2, 'The hide data isrestored to shared memory', '2013-07-05 09:07:18'),
(26, 3, 'The Hide data is not available to the program', '2013-07-05 09:07:18'),
(26, 4, 'It is transferred back to the fields defined in the program', '2013-07-05 09:07:18'),
(27, 1, 'Data element documentation', '2013-07-05 09:13:25'),
(27, 2, 'Domain short text', '2013-07-05 09:13:25'),
(27, 3, 'Search help', '2013-07-05 09:13:25'),
(27, 4, 'Domain Help values', '2013-07-05 09:13:25'),
(28, 1, 'Type S Function Codes', '2013-07-05 09:15:05'),
(28, 2, 'Type T Functions Codes', '2013-07-05 09:15:05'),
(28, 3, 'Normal Function Codes', '2013-07-05 09:15:05'),
(28, 4, 'Function Codes that Start with P', '2013-07-05 09:15:05'),
(29, 1, 'Starting at Column 10, Row 20 Ending at Column 20, Row 30', '2013-07-05 09:17:05'),
(29, 2, 'Starting at Column 10, Row 30 Ending at Column 20, Row 20', '2013-07-05 09:17:05'),
(29, 3, 'Starting at Row 10, Column 20 Ending at Row 20, Column 30', '2013-07-05 09:17:05'),
(30, 1, 'Appends a new line', '2013-07-05 09:21:11'),
(30, 2, 'adds the numeric fields to an existing entry', '2013-07-05 09:21:11'),
(30, 3, 'Creates a new entry', '2013-07-05 09:21:11'),
(31, 1, 'Buffers are always used', '2013-07-05 09:23:07'),
(31, 2, 'Buffers are always bypassed', '2013-07-05 09:23:07'),
(31, 3, 'The choice can be made to use or bypass buffers', '2013-07-05 09:23:07'),
(32, 2, 'SUBMIT ZTST VIA SELECTION-SCREEN', '2013-07-05 09:25:28'),
(32, 3, 'SUBMIT ZTST AND RETURN', '2013-07-05 09:25:28'),
(33, 1, 'When you programatically increment it', '2013-07-05 09:29:23'),
(33, 2, 'At the end of an interactive processing block', '2013-07-05 09:29:23'),
(33, 3, 'At the beginning of an interactive processing block', '2013-07-05 09:29:23'),
(34, 1, 'Decimals must be defined in the domain', '2013-07-05 09:30:58'),
(34, 2, 'The field must be numeric', '2013-07-05 09:30:58'),
(34, 3, 'The field must be linked to another field of type CUKY', '2013-07-05 09:30:58'),
(34, 4, 'No other requirement exists', '2013-07-05 09:30:58'),
(35, 1, 'For Global Master Data', '2013-07-05 09:34:49'),
(35, 2, 'When the most current data is not required', '2013-07-05 09:34:49'),
(35, 3, 'When the most current data is required', '2013-07-05 09:34:49'),
(35, 4, 'For Small Static non volatile tables', '2013-07-05 09:34:49'),
(36, 1, 'For Global Master Data', '2013-07-05 10:04:39'),
(36, 2, 'When the most current data is not required', '2013-07-05 10:04:39'),
(36, 3, 'When the most current data is required', '2013-07-05 10:04:39'),
(36, 4, 'For Small Static non volatile tables', '2013-07-05 10:04:39'),
(37, 1, 'A view contains data', '2013-07-05 10:06:28'),
(37, 2, 'Maintenance Views are not updateable', '2013-07-05 10:06:28'),
(37, 3, 'A view is aurtomatically created on the database upon activation', '2013-07-05 10:06:28'),
(37, 4, 'Views can be buffered', '2013-07-05 10:06:28'),
(38, 1, 'SY-CUROW', '2013-07-05 10:08:00'),
(38, 2, 'SY-PAGNO', '2013-07-05 10:08:00'),
(38, 3, 'SY-CPAGE', '2013-07-05 10:08:00'),
(38, 4, 'SY-INDEX', '2013-07-05 10:08:00'),
(39, 1, 'The header line and contents of the internal table are stored', '2013-07-05 11:04:15'),
(39, 2, 'You cannot EXPORT an internal table with a header line.', '2013-07-05 11:04:15'),
(39, 3, 'Only the header line is stored', '2013-07-05 11:04:15'),
(39, 4, 'Only the contents of the internal table is stored', '2013-07-05 11:04:15');

--
-- Dumping data for table `questions`
--

INSERT INTO `questions` (`ID`, `Question`, `Level`, `ChoiceType`, `CreatedAt`, `ActiveStatus`) VALUES
(4, 'Which of the following is <br><u>NOT</u></b> an event in the ABAP programming language', 1, 2, '2013-07-08 18:44:59', 'X'),
(5, 'What type of memory is typically used as to save defaullt values for screen fields', 1, 1, '2013-07-08 18:44:59', 'X'),
(6, 'Select the valid customer defined message', 1, 1, '2013-07-08 18:44:59', 'X'),
(7, 'What happens when a 1 to many relationship is encountered with an inner join', 2, 1, '2013-07-08 18:44:59', 'X'),
(8, 'What must be assigned to Search Helps', 1, 1, '2013-07-08 18:44:59', 'X'),
(9, 'What is contained in variable SY-LINSZ', 2, 1, '2013-07-08 18:44:59', 'X'),
(13, 'What is true about the primary index of the table', 2, 2, '2013-07-08 18:44:59', 'X'),
(12, 'What determines if a table is client specific or client independent', 1, 1, '2013-07-08 18:44:59', 'X'),
(14, 'Default page headings are created on which list types', 1, 1, '2013-07-08 18:44:59', 'X'),
(15, 'Program A issues the following statement: SUBMIT PROGRAM B.\n<br>\nSelect the correct statement', 1, 1, '2013-07-08 18:44:59', 'X'),
(16, 'If there are no entries in <b>itab</b> then what is the result of the following select:\n<br>\n<b>Select * from DBTAB for all entries in itab where key1 = itab-key1.</b>', 1, 1, '2013-07-08 18:44:59', 'X'),
(17, 'What conditions apply for a LEFT OUTER JOIN in OPEN SQL', 2, 1, '2013-07-08 18:44:59', 'X'),
(18, 'What is needed to ensure that a check field is verified against the referenced key field of the check table', 1, 1, '2013-07-08 18:44:59', 'X'),
(19, 'What is an example of Organizational Data', 1, 1, '2013-07-08 18:44:59', 'X'),
(20, 'What are the valid attributes of a domain', 1, 2, '2013-07-08 18:44:59', 'X'),
(21, 'What are the main functions of Data Dictionary', 1, 2, '2013-07-08 18:44:59', 'X'),
(22, 'Programs that extend beyond transactional limits and want to pass data should use:', 2, 1, '2013-07-08 18:44:59', 'X'),
(23, 'Which of the following is an invalid method of populating an internal table', 1, 1, '2013-07-08 18:44:59', 'X'),
(24, 'Identify the clause that is used to suppress standard headers', 1, 1, '2013-07-08 18:44:59', 'X'),
(25, 'You have made changes to an existing table that contains data. What takes place when the Database Conversion utility is executed ?', 2, 2, '2013-07-07 18:38:55', ''),
(26, 'After a READ LINE on a list, what happens to the HIDE data', 2, 1, '2013-07-07 18:38:55', ''),
(27, 'Where does information come from when you press F1 on a screen field', 1, 1, '2013-07-07 18:38:55', ''),
(28, 'What will cause the AT USER-COMMAND to fire.', 1, 1, '2013-07-07 18:38:55', ''),
(29, 'What are the coordinates of the following Modal Dialog Box.\nWindow Starting at 10 20\nEnding at 20 30', 1, 1, '2013-07-07 18:38:55', ''),
(30, 'What is the effect of the Collect Statement if an entry with the same key already exists', 1, 1, '2013-07-07 18:38:55', ''),
(31, 'How are buffers used by inner and outer joins', 2, 1, '2013-07-07 18:38:55', ''),
(32, 'Mark the code that will display the selection screen of the called program ZTST.', 2, 2, '2013-07-07 18:38:55', ''),
(33, 'During Interactive reporting, at what point does sy-lsind get incremented by the system', 1, 1, '2013-07-07 18:38:55', ''),
(34, 'What requirement exists if a field is defined in the dictionary of type CURR', 1, 1, '2013-07-07 18:38:55', ''),
(35, 'Identify the case where the table buffering should be set off', 1, 1, '2013-07-07 18:38:55', ''),
(36, 'Identify the case where the table buffering should be set off', 1, 1, '2013-07-07 18:38:55', ''),
(37, 'What is true about views', 1, 2, '2013-07-07 18:38:55', ''),
(38, 'READ CURRENT LINE makes use of what system variables', 1, 2, '2013-07-07 18:38:55', ''),
(39, 'When you EXPORT an internal table that has header line to ABAP/4 memory, what is the result', 1, 1, '2013-07-07 18:38:55', '');

--
-- Dumping data for table `quiz`
--

INSERT INTO `quiz` (`QuizId`, `Description`, `Count`, `Level`, `QuestionIds`, `CreatedAt`, `ActiveStatus`) VALUES
(3, 'ABAP Basics - 1', 10, 1, '4,5,6,8,12,14,15,16,18,19', '2013-07-08 18:46:18', 'X'),
(4, 'Database Fundamentals', 5, 2, '7,9,13,17', '2013-07-08 18:46:21', 'X'),
(5, 'ABAP Basics - 2', 5, 1, '20,21,23,24', '2013-07-08 18:46:23', 'X');

--
-- Dumping data for table `quiz_meta_data`
--

INSERT INTO `quiz_meta_data` (`QuizId`, `MetaKey`, `MetaValue`, `CreatedAt`) VALUES
(3, 'sync', 'Free', '2013-07-08 19:29:08'),
(4, 'sync', 'Free', '2013-07-08 19:29:08'),
(5, 'sync', 'Free', '2013-07-08 19:35:21');

/*!40101 SET CHARACTER_SET_CLIENT=@OLD_CHARACTER_SET_CLIENT */;
/*!40101 SET CHARACTER_SET_RESULTS=@OLD_CHARACTER_SET_RESULTS */;
/*!40101 SET COLLATION_CONNECTION=@OLD_COLLATION_CONNECTION */;
